E:\Users\Eduardo\OneDrive\Imagens\Imagens no HD\2006 Big Bear\DSC00984.JPG,E:\Users\Eduardo\OneDrive\Imagens\Imagens no HD\2006 Big Bear\DSC00983.JPG
E:\Users\Eduardo\OneDrive\Imagens\Imagens no HD\2012 Primos\DSC_1084.JPG,E:\Users\Eduardo\OneDrive\Imagens\Imagens no HD\2012 - Manuela 2012\DSC_1084.jpg
E:\Users\Eduardo\OneDrive\Imagens\Imagens no HD\2016\IMG-20160618-WA0038.jpg,E:\Users\Eduardo\OneDrive\Imagens\Imagens no HD\2016\IMG-20160618-WA0015.jpg
E:\Users\Eduardo\OneDrive\Imagens\Imagens no HD\2017 - Gramado\IMG_0698.JPG,E:\Users\Eduardo\OneDrive\Imagens\Imagens no HD\2017 - Gramado\IMG_0698 (3).JPG
E:\Users\Eduardo\OneDrive\Imagens\Imagens no HD\2017 - Outros\IMG_0490.JPG,E:\Users\Eduardo\OneDrive\Imagens\Imagens no HD\2017 - Outros\IMG_0490 (1).JPG
E:\Users\Eduardo\OneDrive\Imagens\Imagens no HD\2017 - Outros\IMG_0491.JPG,E:\Users\Eduardo\OneDrive\Imagens\Imagens no HD\2017 - Outros\IMG_0491 (2).JPG
E:\Users\Eduardo\OneDrive\Imagens\Imagens no HD\2018\IMG_4553.JPG,E:\Users\Eduardo\OneDrive\Imagens\Imagens no HD\2018\IMG_4553 (4).JPG
E:\Users\Eduardo\OneDrive\Imagens\Imagens no HD\2019 - Gerais\IMG_1066_.JPG,E:\Users\Eduardo\OneDrive\Imagens\Imagens no HD\2019 - Gerais\IMG_1066 (2).JPG
E:\Users\Eduardo\OneDrive\Imagens\Imagens no HD\2020\IMG_1432.jpg,E:\Users\Eduardo\OneDrive\Imagens\Imagens no HD\2020\IMG_1432 1.jpg
E:\Users\Eduardo\OneDrive\Imagens\Imagens no HD\2020\IMG_1433.jpg,E:\Users\Eduardo\OneDrive\Imagens\Imagens no HD\2020\IMG_1433 1.jpg
E:\Users\Eduardo\OneDrive\Imagens\Imagens no HD\2020\IMG_1434.jpg,E:\Users\Eduardo\OneDrive\Imagens\Imagens no HD\2020\IMG_1434 1.jpg
E:\Users\Eduardo\OneDrive\Imagens\Imagens no HD\2020\IMG_1435.jpg,E:\Users\Eduardo\OneDrive\Imagens\Imagens no HD\2020\IMG_1435 1.jpg
E:\Users\Eduardo\OneDrive\Imagens\Imagens no HD\2020\IMG_1436.jpg,E:\Users\Eduardo\OneDrive\Imagens\Imagens no HD\2020\IMG_1436 1.jpg
E:\Users\Eduardo\OneDrive\Imagens\Imagens no HD\2020\IMG_1478.JPG,E:\Users\Eduardo\OneDrive\Imagens\Imagens no HD\2020\IMG_1478 1.JPG
E:\Users\Eduardo\OneDrive\Imagens\Imagens no HD\2020\IMG_1480.JPG,E:\Users\Eduardo\OneDrive\Imagens\Imagens no HD\2020\IMG_1480 1.JPG
E:\Users\Eduardo\OneDrive\Imagens\Imagens no HD\2020\IMG_1486.JPG,E:\Users\Eduardo\OneDrive\Imagens\Imagens no HD\2020\IMG_1486 1.JPG
E:\Users\Eduardo\OneDrive\Imagens\Imagens no HD\2020\IMG_1487.JPG,E:\Users\Eduardo\OneDrive\Imagens\Imagens no HD\2020\IMG_1487 1.JPG
E:\Users\Eduardo\OneDrive\Imagens\Imagens no HD\2020\IMG_1488.JPG,E:\Users\Eduardo\OneDrive\Imagens\Imagens no HD\2020\IMG_1488 1.JPG
E:\Users\Eduardo\OneDrive\Imagens\Imagens no HD\2020\IMG_1492.JPG,E:\Users\Eduardo\OneDrive\Imagens\Imagens no HD\2020\IMG_1492 1.JPG
E:\Users\Eduardo\OneDrive\Imagens\Imagens no HD\2020\IMG_1493.JPG,E:\Users\Eduardo\OneDrive\Imagens\Imagens no HD\2020\IMG_1493 1.JPG
E:\Users\Eduardo\OneDrive\Imagens\Imagens no HD\2020\IMG_1494.JPG,E:\Users\Eduardo\OneDrive\Imagens\Imagens no HD\2020\IMG_1494 1.JPG
E:\Users\Eduardo\OneDrive\Imagens\Imagens no HD\2020\IMG_1495.JPG,E:\Users\Eduardo\OneDrive\Imagens\Imagens no HD\2020\IMG_1495 1.JPG
E:\Users\Eduardo\OneDrive\Imagens\Imagens no HD\2020\IMG_1821.jpg,E:\Users\Eduardo\OneDrive\Imagens\Imagens no HD\2020\IMG_1821 2.jpg
E:\Users\Eduardo\OneDrive\Imagens\Imagens no HD\2020\IMG_2117.jpg,E:\Users\Eduardo\OneDrive\Imagens\Imagens no HD\2020\IMG_2117 1.jpg
E:\Users\Eduardo\OneDrive\Imagens\Imagens no HD\2020\IMG_2118.jpg,E:\Users\Eduardo\OneDrive\Imagens\Imagens no HD\2020\IMG_2118 1.jpg
E:\Users\Eduardo\OneDrive\Imagens\Imagens no HD\2020\IMG_2119.jpg,E:\Users\Eduardo\OneDrive\Imagens\Imagens no HD\2020\IMG_2119 1.jpg
E:\Users\Eduardo\OneDrive\Imagens\Imagens no HD\2020\IMG_2136.jpg,E:\Users\Eduardo\OneDrive\Imagens\Imagens no HD\2020\IMG_2136 1.jpg
E:\Users\Eduardo\OneDrive\Imagens\Imagens no HD\2020\IMG_2176.jpg,E:\Users\Eduardo\OneDrive\Imagens\Imagens no HD\2020\IMG_2176 1.jpg
E:\Users\Eduardo\OneDrive\Imagens\Imagens no HD\2020\IMG_2177.jpg,E:\Users\Eduardo\OneDrive\Imagens\Imagens no HD\2020\IMG_2177 1.jpg
E:\Users\Eduardo\OneDrive\Imagens\Imagens no HD\2020\IMG_2178.jpg,E:\Users\Eduardo\OneDrive\Imagens\Imagens no HD\2020\IMG_2178 1.jpg
E:\Users\Eduardo\OneDrive\Imagens\Imagens no HD\2020\IMG_2179.jpg,E:\Users\Eduardo\OneDrive\Imagens\Imagens no HD\2020\IMG_2179 1.jpg
E:\Users\Eduardo\OneDrive\Imagens\Imagens no HD\2020\IMG_2180.jpg,E:\Users\Eduardo\OneDrive\Imagens\Imagens no HD\2020\IMG_2180 1.jpg
E:\Users\Eduardo\OneDrive\Imagens\Imagens no HD\2020\IMG_2195.jpg,E:\Users\Eduardo\OneDrive\Imagens\Imagens no HD\2020\IMG_2195 1.jpg
E:\Users\Eduardo\OneDrive\Imagens\Imagens no HD\2020\IMG_2196.jpg,E:\Users\Eduardo\OneDrive\Imagens\Imagens no HD\2020\IMG_2196 1.jpg
E:\Users\Eduardo\OneDrive\Imagens\Imagens no HD\2020\IMG_2197.jpg,E:\Users\Eduardo\OneDrive\Imagens\Imagens no HD\2020\IMG_2197 1.jpg
E:\Users\Eduardo\OneDrive\Imagens\Imagens no HD\2020\IMG_2200.jpg,E:\Users\Eduardo\OneDrive\Imagens\Imagens no HD\2020\IMG_2200 1.jpg
E:\Users\Eduardo\OneDrive\Imagens\Imagens no HD\2020\IMG_2201.jpg,E:\Users\Eduardo\OneDrive\Imagens\Imagens no HD\2020\IMG_2201 1.jpg
E:\Users\Eduardo\OneDrive\Imagens\Imagens no HD\2020\IMG_2202.jpg,E:\Users\Eduardo\OneDrive\Imagens\Imagens no HD\2020\IMG_2202 1.jpg
E:\Users\Eduardo\OneDrive\Imagens\Imagens no HD\2020\IMG_2243.jpg,E:\Users\Eduardo\OneDrive\Imagens\Imagens no HD\2020\IMG_2243 1.jpg
E:\Users\Eduardo\OneDrive\Imagens\Imagens no HD\2020\IMG_2310.jpg,E:\Users\Eduardo\OneDrive\Imagens\Imagens no HD\2020\IMG_2310 1.jpg
E:\Users\Eduardo\OneDrive\Imagens\Imagens no HD\2020\IMG_2311.jpg,E:\Users\Eduardo\OneDrive\Imagens\Imagens no HD\2020\IMG_2311 1.jpg
E:\Users\Eduardo\OneDrive\Imagens\Imagens no HD\2020\IMG_2312.jpg,E:\Users\Eduardo\OneDrive\Imagens\Imagens no HD\2020\IMG_2312 1.jpg
E:\Users\Eduardo\OneDrive\Imagens\Imagens no HD\2020\IMG_2313.jpg,E:\Users\Eduardo\OneDrive\Imagens\Imagens no HD\2020\IMG_2313 1.jpg
E:\Users\Eduardo\OneDrive\Imagens\Imagens no HD\2020\IMG_2314.jpg,E:\Users\Eduardo\OneDrive\Imagens\Imagens no HD\2020\IMG_2314 1.jpg
E:\Users\Eduardo\OneDrive\Imagens\Imagens no HD\2020\IMG_2315.jpg,E:\Users\Eduardo\OneDrive\Imagens\Imagens no HD\2020\IMG_2315 1.jpg
E:\Users\Eduardo\OneDrive\Imagens\Imagens no HD\2020\IMG_2316.jpg,E:\Users\Eduardo\OneDrive\Imagens\Imagens no HD\2020\IMG_2316 1.jpg
E:\Users\Eduardo\OneDrive\Imagens\Imagens no HD\2020\IMG_2317.jpg,E:\Users\Eduardo\OneDrive\Imagens\Imagens no HD\2020\IMG_2317 1.jpg
E:\Users\Eduardo\OneDrive\Imagens\Imagens no HD\2020\IMG_2318.jpg,E:\Users\Eduardo\OneDrive\Imagens\Imagens no HD\2020\IMG_2318 1.jpg
E:\Users\Eduardo\OneDrive\Imagens\Imagens no HD\2020\IMG_2319.jpg,E:\Users\Eduardo\OneDrive\Imagens\Imagens no HD\2020\IMG_2319 1.jpg
E:\Users\Eduardo\OneDrive\Imagens\Imagens no HD\2020\IMG_3316.jpg,E:\Users\Eduardo\OneDrive\Imagens\Imagens no HD\2020\IMG_3316 1.jpg
E:\Users\Eduardo\OneDrive\Imagens\Imagens no HD\2020\IMG_3318.jpg,E:\Users\Eduardo\OneDrive\Imagens\Imagens no HD\2020\IMG_3318 1.jpg
E:\Users\Eduardo\OneDrive\Imagens\Imagens no HD\2020\IMG_3333.jpg,E:\Users\Eduardo\OneDrive\Imagens\Imagens no HD\2020\IMG_3333 1.jpg
E:\Users\Eduardo\OneDrive\Imagens\Imagens no HD\2020\IMG_3423.jpg,E:\Users\Eduardo\OneDrive\Imagens\Imagens no HD\2020\IMG_3423 1.jpg
E:\Users\Eduardo\OneDrive\Imagens\Imagens no HD\2020\IMG_3424.jpg,E:\Users\Eduardo\OneDrive\Imagens\Imagens no HD\2020\IMG_3424 1.jpg
E:\Users\Eduardo\OneDrive\Imagens\Imagens no HD\2020\IMG_3461.jpg,E:\Users\Eduardo\OneDrive\Imagens\Imagens no HD\2020\IMG_3461 1.jpg
E:\Users\Eduardo\OneDrive\Imagens\Imagens no HD\2020\IMG_3485.jpg,E:\Users\Eduardo\OneDrive\Imagens\Imagens no HD\2020\IMG_3485 1.jpg
E:\Users\Eduardo\OneDrive\Imagens\Imagens no HD\2020\IMG_3486.jpg,E:\Users\Eduardo\OneDrive\Imagens\Imagens no HD\2020\IMG_3486 1.jpg
E:\Users\Eduardo\OneDrive\Imagens\Imagens no HD\2020\IMG_3487.jpg,E:\Users\Eduardo\OneDrive\Imagens\Imagens no HD\2020\IMG_3487 1.jpg
E:\Users\Eduardo\OneDrive\Imagens\Imagens no HD\2020\IMG_3488.jpg,E:\Users\Eduardo\OneDrive\Imagens\Imagens no HD\2020\IMG_3488 1.jpg
E:\Users\Eduardo\OneDrive\Imagens\Imagens no HD\2020\IMG_5964.MOV,E:\Users\Eduardo\OneDrive\Imagens\Imagens no HD\2019 - Gerais\IMG_596_4.MOV
E:\Users\Eduardo\OneDrive\Imagens\Imagens no HD\2021\IMG_5280 2.jpg,E:\Users\Eduardo\OneDrive\Imagens\Imagens no HD\2021\IMG_5280 1.jpg
E:\Users\Eduardo\OneDrive\Imagens\Imagens no HD\2021\IMG_5280 3.jpg,E:\Users\Eduardo\OneDrive\Imagens\Imagens no HD\2021\IMG_5280 1.jpg
E:\Users\Eduardo\OneDrive\Imagens\Imagens no HD\2021\IMG_5280 3.jpg,E:\Users\Eduardo\OneDrive\Imagens\Imagens no HD\2021\IMG_5280 2.jpg
E:\Users\Eduardo\OneDrive\Imagens\Imagens no HD\2021\IMG_5280.jpg,E:\Users\Eduardo\OneDrive\Imagens\Imagens no HD\2021\IMG_5280 1.jpg
E:\Users\Eduardo\OneDrive\Imagens\Imagens no HD\2021\IMG_5280.jpg,E:\Users\Eduardo\OneDrive\Imagens\Imagens no HD\2021\IMG_5280 2.jpg
E:\Users\Eduardo\OneDrive\Imagens\Imagens no HD\2021\IMG_5280.jpg,E:\Users\Eduardo\OneDrive\Imagens\Imagens no HD\2021\IMG_5280 3.jpg
E:\Users\Eduardo\OneDrive\Imagens\Imagens no HD\2021\IMG_5281 2.jpg,E:\Users\Eduardo\OneDrive\Imagens\Imagens no HD\2021\IMG_5281 1.jpg
E:\Users\Eduardo\OneDrive\Imagens\Imagens no HD\2021\IMG_5281 3.jpg,E:\Users\Eduardo\OneDrive\Imagens\Imagens no HD\2021\IMG_5281 1.jpg
E:\Users\Eduardo\OneDrive\Imagens\Imagens no HD\2021\IMG_5281 3.jpg,E:\Users\Eduardo\OneDrive\Imagens\Imagens no HD\2021\IMG_5281 2.jpg
E:\Users\Eduardo\OneDrive\Imagens\Imagens no HD\2021\IMG_5281.jpg,E:\Users\Eduardo\OneDrive\Imagens\Imagens no HD\2021\IMG_5281 1.jpg
E:\Users\Eduardo\OneDrive\Imagens\Imagens no HD\2021\IMG_5281.jpg,E:\Users\Eduardo\OneDrive\Imagens\Imagens no HD\2021\IMG_5281 2.jpg
E:\Users\Eduardo\OneDrive\Imagens\Imagens no HD\2021\IMG_5281.jpg,E:\Users\Eduardo\OneDrive\Imagens\Imagens no HD\2021\IMG_5281 3.jpg
E:\Users\Eduardo\OneDrive\Imagens\Imagens no HD\2021\IMG_5282 2.jpg,E:\Users\Eduardo\OneDrive\Imagens\Imagens no HD\2021\IMG_5282 1.jpg
E:\Users\Eduardo\OneDrive\Imagens\Imagens no HD\2021\IMG_5282 3.jpg,E:\Users\Eduardo\OneDrive\Imagens\Imagens no HD\2021\IMG_5282 1.jpg
E:\Users\Eduardo\OneDrive\Imagens\Imagens no HD\2021\IMG_5282 3.jpg,E:\Users\Eduardo\OneDrive\Imagens\Imagens no HD\2021\IMG_5282 2.jpg
E:\Users\Eduardo\OneDrive\Imagens\Imagens no HD\2021\IMG_5292 2.jpg,E:\Users\Eduardo\OneDrive\Imagens\Imagens no HD\2021\IMG_5292 1.jpg
E:\Users\Eduardo\OneDrive\Imagens\Imagens no HD\2021\IMG_5292 3.jpg,E:\Users\Eduardo\OneDrive\Imagens\Imagens no HD\2021\IMG_5292 1.jpg
E:\Users\Eduardo\OneDrive\Imagens\Imagens no HD\2021\IMG_5292 3.jpg,E:\Users\Eduardo\OneDrive\Imagens\Imagens no HD\2021\IMG_5292 2.jpg
E:\Users\Eduardo\OneDrive\Imagens\Imagens no HD\2021\IMG_5292.jpg,E:\Users\Eduardo\OneDrive\Imagens\Imagens no HD\2021\IMG_5292 1.jpg
E:\Users\Eduardo\OneDrive\Imagens\Imagens no HD\2021\IMG_5292.jpg,E:\Users\Eduardo\OneDrive\Imagens\Imagens no HD\2021\IMG_5292 2.jpg
E:\Users\Eduardo\OneDrive\Imagens\Imagens no HD\2021\IMG_5292.jpg,E:\Users\Eduardo\OneDrive\Imagens\Imagens no HD\2021\IMG_5292 3.jpg
E:\Users\Eduardo\OneDrive\Imagens\Imagens no HD\2021\IMG_5412.jpg,E:\Users\Eduardo\OneDrive\Imagens\Imagens no HD\2021\IMG_5412 1.jpg
E:\Users\Eduardo\OneDrive\Imagens\Imagens no HD\2021\IMG_5464.jpg,E:\Users\Eduardo\OneDrive\Imagens\Imagens no HD\2021\IMG_5464 1.jpg
E:\Users\Eduardo\OneDrive\Imagens\Imagens no HD\2021\IMG_5508.jpg,E:\Users\Eduardo\OneDrive\Imagens\Imagens no HD\2021\IMG_5508 2.jpg
E:\Users\Eduardo\OneDrive\Imagens\Imagens no HD\2021\IMG_5509.jpg,E:\Users\Eduardo\OneDrive\Imagens\Imagens no HD\2021\IMG_5509 1.jpg
E:\Users\Eduardo\OneDrive\Imagens\Imagens no HD\2021\IMG_5510.jpg,E:\Users\Eduardo\OneDrive\Imagens\Imagens no HD\2021\IMG_5510 1.jpg
E:\Users\Eduardo\OneDrive\Imagens\Imagens no HD\2021\IMG_5512.jpg,E:\Users\Eduardo\OneDrive\Imagens\Imagens no HD\2021\IMG_5512 2.jpg
E:\Users\Eduardo\OneDrive\Imagens\Imagens no HD\2021\IMG_5513.jpg,E:\Users\Eduardo\OneDrive\Imagens\Imagens no HD\2021\IMG_5513 1.jpg
E:\Users\Eduardo\OneDrive\Imagens\Imagens no HD\2021\IMG_5514.jpg,E:\Users\Eduardo\OneDrive\Imagens\Imagens no HD\2021\IMG_5514 1.jpg
E:\Users\Eduardo\OneDrive\Imagens\Imagens no HD\2021\IMG_5515.jpg,E:\Users\Eduardo\OneDrive\Imagens\Imagens no HD\2021\IMG_5515 1.jpg
E:\Users\Eduardo\OneDrive\Imagens\Imagens no HD\2021\IMG_5516.jpg,E:\Users\Eduardo\OneDrive\Imagens\Imagens no HD\2021\IMG_5516 1.jpg
E:\Users\Eduardo\OneDrive\Imagens\Imagens no HD\2021\IMG_5517.jpg,E:\Users\Eduardo\OneDrive\Imagens\Imagens no HD\2021\IMG_5517 1.jpg
E:\Users\Eduardo\OneDrive\Imagens\Imagens no HD\2021\IMG_5518.jpg,E:\Users\Eduardo\OneDrive\Imagens\Imagens no HD\2021\IMG_5518 1.jpg
E:\Users\Eduardo\OneDrive\Imagens\Imagens no HD\2021\IMG_5519.jpg,E:\Users\Eduardo\OneDrive\Imagens\Imagens no HD\2021\IMG_5519 1.jpg
E:\Users\Eduardo\OneDrive\Imagens\Imagens no HD\2021\IMG_5533.jpg,E:\Users\Eduardo\OneDrive\Imagens\Imagens no HD\2021\IMG_5533 1.jpg
E:\Users\Eduardo\OneDrive\Imagens\Imagens no HD\2021\IMG_5534.jpg,E:\Users\Eduardo\OneDrive\Imagens\Imagens no HD\2021\IMG_5534 1.jpg
E:\Users\Eduardo\OneDrive\Imagens\Imagens no HD\2021\IMG_5535.jpg,E:\Users\Eduardo\OneDrive\Imagens\Imagens no HD\2021\IMG_5535 1.jpg
E:\Users\Eduardo\OneDrive\Imagens\Imagens no HD\2021\IMG_5536.jpg,E:\Users\Eduardo\OneDrive\Imagens\Imagens no HD\2021\IMG_5536 1.jpg
E:\Users\Eduardo\OneDrive\Imagens\Imagens no HD\2021\IMG_5537.jpg,E:\Users\Eduardo\OneDrive\Imagens\Imagens no HD\2021\IMG_5537 1.jpg
E:\Users\Eduardo\OneDrive\Imagens\Imagens no HD\2021\IMG_5538.jpg,E:\Users\Eduardo\OneDrive\Imagens\Imagens no HD\2021\IMG_5538 1.jpg
E:\Users\Eduardo\OneDrive\Imagens\Imagens no HD\2021\WUDI1108.JPG,E:\Users\Eduardo\OneDrive\Imagens\Imagens no HD\2021\WUDI1108 (2).JPG
E:\Users\Eduardo\OneDrive\Imagens\Imagens no HD\2021\camphoto_1903590565.JPG,E:\Users\Eduardo\OneDrive\Imagens\Imagens no HD\2021\camphoto_1903590565 1.JPG
E:\Users\Eduardo\OneDrive\Imagens\Imagens no HD\2021\camphoto_342241519.JPG,E:\Users\Eduardo\OneDrive\Imagens\Imagens no HD\2021\camphoto_342241519 1.JPG
E:\Users\Eduardo\OneDrive\Imagens\Imagens no HD\2021\camphoto_824023566.JPG,E:\Users\Eduardo\OneDrive\Imagens\Imagens no HD\2021\camphoto_824023566 1.JPG
E:\Users\Eduardo\OneDrive\Imagens\Imagens no HD\2021\camphoto_959030623.JPG,E:\Users\Eduardo\OneDrive\Imagens\Imagens no HD\2021\camphoto_959030623 1.JPG
E:\Users\Eduardo\OneDrive\Imagens\Imagens no HD\Produtos\Ecko Flash\prata c estrass\81fS+uX+9XL._AA1500_.jpg,E:\Users\Eduardo\OneDrive\Imagens\Imagens no HD\Produtos\Ecko Flash\gold\81fS+uX+9XL._AA1500_.jpg
E:\Users\Eduardo\OneDrive\Imagens\Imagens no HD\Produtos\King\King Dourado\E17533G2main.jpg,E:\Users\Eduardo\OneDrive\Imagens\Imagens no HD\Produtos\King\E17533G2main.jpg
E:\Users\Eduardo\OneDrive\Imagens\Imagens no HD\Produtos\Timex\timex (2).jpg,E:\Users\Eduardo\OneDrive\Imagens\Imagens no HD\Produtos\Timex\timex (1).jpg
E:\Users\Eduardo\OneDrive\Imagens\Imagens no HD\Produtos\Timex\ws4\7f7cad46e4.jpg,E:\Users\Eduardo\OneDrive\Imagens\Imagens no HD\Produtos\Timex\ws4\1\7f7cad46e4.jpg
E:\Users\Eduardo\OneDrive\Imagens\Imagens no HD\Produtos\ecko supreme\54_1.JPG,E:\Users\Eduardo\OneDrive\Imagens\Imagens no HD\Produtos\Masterpiece\Masterpiece Prata\54_1.JPG
E:\Users\Eduardo\OneDrive\Imagens\Imagens no HD\Produtos\ecko supreme\reais\P1010771.JPG,E:\Users\Eduardo\OneDrive\Imagens\Imagens no HD\Produtos\ecko supreme\P1010771.JPG
E:\Users\Eduardo\OneDrive\Imagens\Imagens no HD\Produtos\ecko supreme\reais\P1010772.JPG,E:\Users\Eduardo\OneDrive\Imagens\Imagens no HD\Produtos\ecko supreme\P1010772.JPG
E:\Users\Eduardo\OneDrive\Imagens\Imagens no HD\Produtos\ecko supreme\reais\P1010777.JPG,E:\Users\Eduardo\OneDrive\Imagens\Imagens no HD\Produtos\ecko supreme\P1010777.JPG
E:\Users\Eduardo\OneDrive\Imagens\Imagens no HD\Produtos\ecko supreme\relogio.jpg,E:\Users\Eduardo\OneDrive\Imagens\Imagens no HD\Produtos\ecko supreme\reais\relogio.jpg
E:\Users\Eduardo\OneDrive\Imagens\Imagens no HD\Produtos\ecko supreme\relogio2.jpg,E:\Users\Eduardo\OneDrive\Imagens\Imagens no HD\Produtos\ecko supreme\reais\relogio2.jpg
E:\Users\Eduardo\OneDrive\Imagens\Imagens no HD\Produtos\outros\eckologo1.gif,E:\Users\Eduardo\OneDrive\Imagens\Imagens no HD\Produtos\Ecko Logos\eckologo1.gif
E:\Users\Eduardo\OneDrive\Imagens\Imagens no HD\Videos\2010 - Dancinha\MOV00747.MPG,E:\Users\Eduardo\OneDrive\Imagens\Imagens no HD\2010 Cancun\MOV00747.MPG
E:\Users\Eduardo\OneDrive\Imagens\Imagens no HD\Videos\2010 - Dancinha\MOV00748.MPG,E:\Users\Eduardo\OneDrive\Imagens\Imagens no HD\2010 Cancun\MOV00748.MPG
E:\Users\Eduardo\OneDrive\Imagens\Imagens no HD\Videos\2010 - Dancinha\MOV00750.MPG,E:\Users\Eduardo\OneDrive\Imagens\Imagens no HD\2010 Cancun\MOV00750.MPG
E:\Users\Eduardo\OneDrive\Imagens\Imagens no HD\Videos\2010 - Dancinha\MOV00753.MPG,E:\Users\Eduardo\OneDrive\Imagens\Imagens no HD\2010 Cancun\MOV00753.MPG
E:\Users\Eduardo\OneDrive\Imagens\Imagens no HD\Videos\2010 - Dancinha\dança casamento.mp4,E:\Users\Eduardo\OneDrive\Imagens\Imagens no HD\2010 Casamento\dança casamento.mp4
E:\Users\Eduardo\OneDrive\Imagens\Imagens no HD\Videos\2012\DSC_1485.MOV,E:\Users\Eduardo\OneDrive\Imagens\Imagens no HD\2012 - Sofia - 0-1 mes\DSC_1485.MOV
E:\Users\Eduardo\OneDrive\Imagens\Imagens no HD\Videos\2012\DSC_1495.MOV,E:\Users\Eduardo\OneDrive\Imagens\Imagens no HD\2012 - Sofia - 0-1 mes\DSC_1495.MOV
E:\Users\Eduardo\OneDrive\Imagens\Imagens no HD\Videos\2016 - Vídeos Escola João XXIII\Educação Psicomotora_Maternal D - Natalia.pdf,E:\Users\Eduardo\OneDrive\Imagens\Imagens no HD\2016 - Escola Sofia\Escola\Educação Psicomotora_Maternal D - Natalia.pdf
E:\Users\Eduardo\OneDrive\Imagens\Imagens no HD\historico\DSC01713.JPG,E:\Users\Eduardo\OneDrive\Imagens\Imagens no HD\2010 ok New York\DSC01713.JPG
E:\Users\Eduardo\OneDrive\Imagens\Imagens no HD\historico\DSC01898.JPG,E:\Users\Eduardo\OneDrive\Imagens\Imagens no HD\2010 ok New York\DSC01898.JPG
E:\Users\Eduardo\OneDrive\Imagens\Imagens no HD\historico\STF_0326.jpg,E:\Users\Eduardo\OneDrive\Imagens\Imagens no HD\2010 Casamento\STF_0326.jpg
E:\Users\Eduardo\OneDrive\Imagens\Imagens no HD\historico\STF_0352.jpg,E:\Users\Eduardo\OneDrive\Imagens\Imagens no HD\2010 Casamento\STF_0352.jpg
E:\Users\Eduardo\OneDrive\Imagens\Imagens no HD\historico\STF_0429.jpg,E:\Users\Eduardo\OneDrive\Imagens\Imagens no HD\2010 Casamento\STF_0429.jpg
E:\Users\Eduardo\OneDrive\Imagens\Imagens no HD\historico\STF_0448.jpg,E:\Users\Eduardo\OneDrive\Imagens\Imagens no HD\2010 Casamento\STF_0448.jpg
E:\Users\Eduardo\OneDrive\Imagens\Imagens no HD\historico\STF_0534.jpg,E:\Users\Eduardo\OneDrive\Imagens\Imagens no HD\2010 Casamento\STF_0534.jpg
E:\Users\Eduardo\OneDrive\Imagens\Imagens no HD\historico\STF_0672.jpg,E:\Users\Eduardo\OneDrive\Imagens\Imagens no HD\2010 Casamento\STF_0672.jpg
E:\Users\Eduardo\OneDrive\Imagens\Imagens no HD\historico\STF_0690.jpg,E:\Users\Eduardo\OneDrive\Imagens\Imagens no HD\2010 Casamento\STF_0690.jpg
E:\Users\Eduardo\OneDrive\Imagens\Imagens no HD\historico\STF_0732.jpg,E:\Users\Eduardo\OneDrive\Imagens\Imagens no HD\2010 Casamento\STF_0732.jpg
E:\Users\Eduardo\OneDrive\Imagens\Imagens no HD\historico\STF_0733.jpg,E:\Users\Eduardo\OneDrive\Imagens\Imagens no HD\2010 Casamento\STF_0733.jpg
E:\Users\Eduardo\OneDrive\Imagens\Imagens no HD\historico\STF_0742.jpg,E:\Users\Eduardo\OneDrive\Imagens\Imagens no HD\2010 Casamento\STF_0742.jpg
E:\Users\Eduardo\OneDrive\Imagens\Imagens no HD\historico\STF_0776.jpg,E:\Users\Eduardo\OneDrive\Imagens\Imagens no HD\2010 Casamento\STF_0776.jpg
